Alderson FPC , https://www.bop.gov/locations/institutions/ald/
Aliceville FCI , https://www.bop.gov/locations/institutions/ali/
Allenwood Low FCI , https://www.bop.gov/locations/institutions/alf/
Allenwood Medium FCI , https://www.bop.gov/locations/institutions/alm/
Allenwood USP , https://www.bop.gov/locations/institutions/alp/
Ashland FCI , https://www.bop.gov/locations/institutions/ash/
Atlanta RRM , https://www.bop.gov/locations/ccm/cat
Atlanta USP , https://www.bop.gov/locations/institutions/atl/
Atwater USP , https://www.bop.gov/locations/institutions/atw/
Baltimore RRM , https://www.bop.gov/locations/ccm/cbr/
Bastrop FCI , https://www.bop.gov/locations/institutions/bas/
Beaumont FCC , https://www.bop.gov/locations/search.jsp?q=FCC+Beaumont&name=Beaumont&facilityType=FCC
Beckley FCI , https://www.bop.gov/locations/institutions/bec/
Bennettsville FCI , https://www.bop.gov/locations/institutions/ben/
Berlin FCI , https://www.bop.gov/locations/institutions/ber/
Big Sandy USP , https://www.bop.gov/locations/institutions/bsy/
Big Spring (Flightline) CI , https://www.bop.gov/locations/ci/bsf/
Big Spring CI , https://www.bop.gov/locations/ci/bsc/
Big Spring FCI , https://www.bop.gov/locations/institutions/big/
Brooklyn MDC , https://www.bop.gov/locations/institutions/bro/
Bryan FPC , https://www.bop.gov/locations/institutions/bry/
Butner FCC , https://www.bop.gov/locations/search.jsp?q=FCC+Butner&name=Butner&facilityType=FCC
Canaan USP , https://www.bop.gov/locations/institutions/caa/
Carswell FMC , https://www.bop.gov/locations/institutions/crw/
Central Office HQ , https://www.bop.gov/locations/central_office/
Chicago MCC , https://www.bop.gov/locations/institutions/ccc/
Chicago RRM , https://www.bop.gov/locations/ccm/cch/
Cincinnati RRM , https://www.bop.gov/locations/ccm/ccn/
Coleman FCC , https://www.bop.gov/locations/search.jsp?q=FCC+Coleman&name=Coleman&facilityType=FCC
Cumberland FCI , https://www.bop.gov/locations/institutions/cum/
Dallas RRM , https://www.bop.gov/locations/ccm/cda/
Danbury FCI , https://www.bop.gov/locations/institutions/dan/
Detroit RRM , https://www.bop.gov/locations/ccm/cdt/
Devens FMC , https://www.bop.gov/locations/institutions/dev/
Dublin FCI , https://www.bop.gov/locations/institutions/dub/
Duluth FPC , https://www.bop.gov/locations/institutions/dth/
Edgefield FCI , https://www.bop.gov/locations/institutions/edg/
El Reno FCI , https://www.bop.gov/locations/institutions/ere/
Elkton FCI , https://www.bop.gov/locations/institutions/elk/
Englewood FCI , https://www.bop.gov/locations/institutions/eng/
Estill FCI , https://www.bop.gov/locations/institutions/est/
Fairton FCI , https://www.bop.gov/locations/institutions/fai/
Florence FCC , https://www.bop.gov/locations/search.jsp?q=FCC+Florence&name=Florence&facilityType=FCC
Forrest City FCC , https://www.bop.gov/locations/search.jsp?q=FCC+Forrest+City&name=Forrest+City&facilityType=FCC
Fort Dix FCI , https://www.bop.gov/locations/institutions/ftd/
Fort Worth FMC , https://www.bop.gov/locations/institutions/ftw/
Giles W. Dalby CI , https://www.bop.gov/locations/ci/dal/
Gilmer FCI , https://www.bop.gov/locations/institutions/gil/
Glynco , https://www.bop.gov/about/facilities/training_centers.jsp
Grand Prairie , https://www.bop.gov/locations/grand_prairie/
Great Plains CI , https://www.bop.gov/locations/ci/gpc/
Greenville FCI , https://www.bop.gov/locations/institutions/gre/
Guaynabo MDC , https://www.bop.gov/locations/institutions/gua/
Hazelton FCC , https://www.bop.gov/locations/search.jsp?q=FCC+Hazelton&name=Hazelton&facilityType=FCC
Herlong FCI , https://www.bop.gov/locations/institutions/her/
Honolulu FDC , https://www.bop.gov/locations/institutions/hon/
Houston FDC , https://www.bop.gov/locations/institutions/hou/
Jesup FCI , https://www.bop.gov/locations/institutions/jes/
Kansas City RRM , https://www.bop.gov/locations/ccm/ckc/
La Tuna FCI , https://www.bop.gov/locations/institutions/lat/
Leavenworth USP , https://www.bop.gov/locations/institutions/lvn/
Lee USP , https://www.bop.gov/locations/institutions/lee/
Lewisburg USP , https://www.bop.gov/locations/institutions/lew/
Lexington FMC , https://www.bop.gov/locations/institutions/lex/
Lompoc FCC , https://www.bop.gov/locations/search.jsp?q=FCC+Lompoc&name=Lompoc&facilityType=FCC
Long Beach RRM , https://www.bop.gov/locations/ccm/clb/
Loretto FCI , https://www.bop.gov/locations/institutions/lor/
Los Angeles MDC , https://www.bop.gov/locations/institutions/los/
Manchester FCI , https://www.bop.gov/locations/institutions/man/
Marianna FCI , https://www.bop.gov/locations/institutions/mna/
Marion USP , https://www.bop.gov/locations/institutions/mar/
McCreary USP , https://www.bop.gov/locations/institutions/mcr/
McDowell FCI , https://www.bop.gov/locations/institutions/mcd/
McKean FCI , https://www.bop.gov/locations/institutions/mck/
McRae CI , https://www.bop.gov/locations/ci/mca/
Memphis FCI , https://www.bop.gov/locations/institutions/mem/
Mendota FCI , https://www.bop.gov/locations/institutions/men/
Miami FCI , https://www.bop.gov/locations/institutions/mia/
Miami FDC , https://www.bop.gov/locations/institutions/mim/
Miami RRM , https://www.bop.gov/locations/ccm/cmm
Mid-Atlantic RO , https://www.bop.gov/locations/regional_offices/mxro/
Milan FCI , https://www.bop.gov/locations/institutions/mil/
Minneapolis RRM , https://www.bop.gov/locations/ccm/cms/
Montgomery FPC , https://www.bop.gov/locations/institutions/mon/
Montgomery RRM , https://www.bop.gov/locations/ccm/cmy
Morgantown FCI , https://www.bop.gov/locations/institutions/mrg/
MSTC , https://www.bop.gov/about/facilities/training_centers.jsp
Nashville RRM , https://www.bop.gov/locations/ccm/cnv/
New York MCC , https://www.bop.gov/locations/institutions/nym/
New York RRM , https://www.bop.gov/locations/ccm/cnk/
North Central RO , https://www.bop.gov/locations/regional_offices/ncro/
North Lake CI , https://www.bop.gov/locations/ci/nlk/
Northeast RO , https://www.bop.gov/locations/regional_offices/nero/
Oakdale FCC , https://www.bop.gov/locations/search.jsp?q=FCC+Oakdale&name=Oakdale&facilityType=FCC
Oklahoma City FTC , https://www.bop.gov/locations/institutions/okl/
Orlando RRM , https://www.bop.gov/locations/ccm/cor/
Otisville FCI , https://www.bop.gov/locations/institutions/otv/
Oxford FCI , https://www.bop.gov/locations/institutions/oxf/
Pekin FCI , https://www.bop.gov/locations/institutions/pek/
Pensacola FPC , https://www.bop.gov/locations/institutions/pen/
Petersburg FCC , https://www.bop.gov/locations/search.jsp?q=FCC+Petersburg&name=Petersburg&facilityType=FCC
Philadelphia FDC , https://www.bop.gov/locations/institutions/phl/
Philadelphia RRM , https://www.bop.gov/locations/ccm/cpa/
Phoenix FCI , https://www.bop.gov/locations/institutions/phx/
Phoenix RRM , https://www.bop.gov/locations/ccm/cph/
Pittsburgh RRM , https://www.bop.gov/locations/ccm/cpg/
Pollock FCC , https://www.bop.gov/locations/search.jsp?q=FCC+Pollock&name=Pollock&facilityType=FCC
Raleigh RRM , https://www.bop.gov/locations/ccm/crl/
Ray Brook FCI , https://www.bop.gov/locations/institutions/rbk/
Reeves III CI , https://www.bop.gov/locations/ci/rvs/
Rochester FMC , https://www.bop.gov/locations/institutions/rch/
Sacramento RRM , https://www.bop.gov/locations/ccm/csc/
Safford FCI , https://www.bop.gov/locations/institutions/saf/
San Antonio RRM , https://www.bop.gov/locations/ccm/csa
San Diego MCC , https://www.bop.gov/locations/institutions/sdc/
Sandstone FCI , https://www.bop.gov/locations/institutions/sst/
Schuylkill FCI , https://www.bop.gov/locations/institutions/sch/
Seagoville FCI , https://www.bop.gov/locations/institutions/sea/
SeaTac FDC , https://www.bop.gov/locations/institutions/set/
Seattle RRM , https://www.bop.gov/locations/ccm/cse
Sheridan FCI , https://www.bop.gov/locations/institutions/she/
South Central RO , https://www.bop.gov/locations/regional_offices/scro/
Southeast RO , https://www.bop.gov/locations/regional_offices/sero/
Springfield MCFP , https://www.bop.gov/locations/institutions/spg/
St Louis RRM , https://www.bop.gov/locations/ccm/cst/
Talladega FCI , https://www.bop.gov/locations/institutions/tdg/
Tallahassee FCI , https://www.bop.gov/locations/institutions/tal/
Terminal Island FCI , https://www.bop.gov/locations/institutions/trm/
Terre Haute FCC , https://www.bop.gov/locations/search.jsp?q=FCC+Terre+Haute&name=Terre+Haute&facilityType=FCC
Texarkana FCI , https://www.bop.gov/locations/institutions/tex/
Thomson USP , https://www.bop.gov/locations/institutions/tom/
Three Rivers FCI , https://www.bop.gov/locations/institutions/trv/
Tucson FCC , https://www.bop.gov/locations/search.jsp?q=FCC+Tucson&name=Tucson&facilityType=FCC
Victorville FCC , https://www.bop.gov/locations/search.jsp?q=FCC+Victorville&name=Victorville&facilityType=FCC
Waseca FCI , https://www.bop.gov/locations/institutions/was/
Western RO , https://www.bop.gov/locations/regional_offices/wxro/
Williamsburg FCI , https://www.bop.gov/locations/institutions/wil/
Yankton FPC , https://www.bop.gov/locations/institutions/yan/
Yazoo City FCC , https://www.bop.gov/locations/search.jsp?q=FCC+Yazoo+City&name=Yazoo+City&facilityType=FCC